Institution,Fiscal Year,City,State
Barona Band of Mission Indians,2022,Lakeside,CA
Santa Clara Pueblo,2022,Espanola,NM
Tunica-Biloxi Tribe of Louisiana,2022,Marksville,LA
Yavapai-Prescott Indian Tribe,2022,Prescott,AZ
Pawnee Nation of Oklahoma,2022,Pawnee,OK
Pauma Band of Mission Indians,2022,Pauma Valley,CA
Huna Totem Corporation,2022,Juneau,AK
Choctaw Nation of Oklahoma,2022,Durant,OK
Confederated Tribes of the Grand Ronde Community of Oregon,2022,Grand Ronde,OR
San Pasqual Band of Mission Indians,2022,Valley Center,CA
Grand Traverse Band of Ottawa and Chippewa Indians,2022,Peshawbestown,MI
United Keetoowah Band of Cherokee Indians,2022,Tahlequah,OK
Karuk Tribe,2022,Happy Camp,CA
Port Graham Village Council,2022,Port Graham,AK
Chippewa Cree Tribe,2022,Box Elder,MT
Makah Indian Tribe,2022,Neah Bay,WA
Yerington Paiute Tribe,2022,Yerington,NV
Fort Sill Apache Tribe,2022,Apache,OK
Organized Village of Kake,2022,Kake,AK
Keweenaw Bay Indian Community,2022,Baraga,MI
Citizen Potawatomi Nation,2022,Shawnee,OK
Fairbanks Native Association,2022,Fairbanks,AK
Northern Cheyenne Tribe,2022,Lame Deer,MT
Hoopa Valley Tribe,2021,Hoopa,CA
Stockbridge-Munsee Community,2021,Bowler,WI
Bishop Indian Tribal Council,2021,Bishop,CA
Pawnee Nation of Oklahoma,2021,Pawnee,OK
Pinoleville Pomo Nation,2021,Ukiah,CA
Red Lake Band of Chippewa Indians,2021,Redlake,MN
Red Cliff Band of Lake Superior Chippewa,2021,Bayfield,WI
Little Traverse Bay Bands of Odawa Indians,2021,Harbor Springs,MI
Confederated Tribes and Bands of the Yakama Nation,2021,Toppenish,WA
Turtle Mountain Band of Chippewa Indians,2021,Belcourt,ND
Lac Courte Oreilles Band of Lake Superior Chippewa Indians of Wisconsin,2021,Hayward,WI
Prairie Band Potawatomi Nation,2021,Mayetta,KS
Aleut Community of St. Paul Island,2021,Saint Paul Island,AK
Miami Tribe of Oklahoma,2021,Miami,OK
Delaware Nation,2021,Anadarko,OK
Oneida Indian Nation,2021,Oneida,NY
Quapaw Nation,2021,Quapaw,OK
Pyramid Lake Paiute Tribe,2021,Nixon,NV
Wyandotte Nation,2021,Wyandotte,OK
Forest County Potawatomi Community,2021,Crandon,WI
Oneida Nation,2021,Green Bay,WI
Chilkat Indian Village,2021,Haines,AK
Sisseton-Wahpeton Oyate,2021,Agency Village,SD
Chippewa Cree Tribe,2021,Box Elder,MT
Blackfeet Tribe,2020,Browning,MT
San Carlos Apache Tribe,2020,San Carlos,AZ
Catawba Indian Nation,2020,Rock Hill,SC
Fort Sill Apache Tribe,2020,Apache,OK
Gun Lake Tribe,2020,Shelbyville,MI
Santa Clara Pueblo,2020,Espanola,NM
San Pasqual Band of Mission Indians,2020,Valley Center,CA
Igiugig Village,2020,Igiugig,AK
Central Council of Tlingit and Haida Indian Tribes,2020,Juneau,AK
Keweenaw Bay Indian Community,2020,Baraga,MI
Huna Totem Corporation,2020,Juneau,AK
Chippewa Cree Tribe,2020,Box Elder,MT
Koniag Inc.,2020,Anchorage,AK
Tohono O'odham Nation,2020,Sells,AZ
Mohegan Tribe,2020,Uncasville,CT
Ak-Chin Indian Community,2020,Maricopa,AZ
Makah Indian Tribe,2020,Neah Bay,WA
Pokagon Band of Potawatomi,2020,Dowagiac,MI
Eastern Shawnee Tribe of Oklahoma,2020,Wyandotte,OK
United Keetoowah Band of Cherokee Indians,2020,Tahlequah,OK
Sealaska Corporation,2020,Juneau,AK
Shoshone-Bannock Tribes,2020,Fort Hall,ID
Menominee Indian Tribe of Wisconsin,2020,Keshena,WI
Citizen Potawatomi Nation,2019,Shawnee,OK
Choctaw Nation of Oklahoma,2019,Durant,OK
Hydaburg Cooperative Association,2019,Hydaburg,AK
Pueblo of Jemez,2019,Jemez Pueblo,NM
Chippewa Cree Tribe,2019,Box Elder,MT
Chilkat Indian Village,2019,Haines,AK
Winnebago Tribe of Nebraska,2019,Winnebago,NE
Saginaw Chippewa Indian Tribe,2019,Mount Pleasant,MI
Yerington Paiute Tribe,2019,Yerington,NV
Pueblo of Pojoaque,2019,Santa Fe,NM
Enterprise Rancheria of Maidu Indians,2019,Oroville,CA
Tolowa Dee-ni Nation,2019,Smith River,CA
Absentee Shawnee Tribe of Oklahoma,2019,Shawnee,OK
Karuk Tribe,2019,Happy Camp,CA
Muscogee Creek Nation,2019,Okmulgee,OK
Jamestown S'Klallam Tribe,2019,Sequim,WA
Grand Traverse Band of Ottawa and Chippewa Indians,2019,Peshawbestown,MI
Tuolumne Band of Me-Wuk Indians,2019,Tuolumne,CA
Pueblo of Isleta,2019,Isleta,NM
Wyandotte Nation,2019,Wyandotte,OK
Fort Belknap Indian Community,2019,Harlem,MT
Makah Indian Tribe,2018,Neah Bay,WA
Ak-Chin Indian Community,2018,Maricopa,AZ
Santa Clara Pueblo,2018,Espanola,NM
Spirit Lake Nation,2018,Fort Totten,ND
Eastern Shawnee Tribe of Oklahoma,2018,Wyandotte,OK
Oneida Nation,2018,Green Bay,WI
Crow Tribe of Indians,2018,Crow Agency,MT
Catawba Indian Nation,2018,Rock Hill,SC
Fort Sill Apache Tribe,2018,Apache,OK
Little Traverse Bay Bands of Odawa Indians,2018,Harbor Springs,MI
Pauma Band of Mission Indians,2018,Pauma Valley,CA
Lac Courte Oreilles Band of Lake Superior Chippewa Indians of Wisconsin,2018,Hayward,WI
Penobscot Indian Nation,2018,Indian Island,ME
Organized Village of Kake,2018,Kake,AK
Pyramid Lake Paiute Tribe,2018,Nixon,NV
Quapaw Nation,2018,Quapaw,OK
Menominee Indian Tribe of Wisconsin,2018,Keshena,WI
Confederated Tribes and Bands of the Yakama Nation,2018,Toppenish,WA
Huna Totem Corporation,2018,Juneau,AK
Chippewa Cree Tribe,2018,Box Elder,MT
Cher-Ae Heights Indian Community of the Trinidad Rancheria,2018,Trinidad,CA
Chippewa Cree Tribe,2017,Box Elder,MT
Keweenaw Bay Indian Community,2017,Baraga,MI
Saginaw Chippewa Indian Tribe,2017,Mount Pleasant,MI
Stockbridge-Munsee Community,2017,Bowler,WI
Wyandotte Nation,2017,Wyandotte,OK
Nooksack Indian Tribe,2017,Deming,WA
Blackfeet Tribe,2017,Browning,MT
Seminole Nation of Oklahoma,2017,Wewoka,OK
Federated Indians of Graton Rancheria,2017,Rohnert Park,CA
Turtle Mountain Band of Chippewa Indians,2017,Belcourt,ND
Hydaburg Cooperative Association,2017,Hydaburg,AK
Chilkat Indian Village,2017,Haines,AK
Kaw Nation,2017,Kaw City,OK
Aleutian Pribilof Islands Association Inc.,2017,Anchorage,AK
Grand Traverse Band of Ottawa and Chippewa Indians,2017,Peshawbestown,MI
Bishop Indian Tribal Council,2017,Bishop,CA
Makah Indian Tribe,2016,Neah Bay,WA
Quapaw Nation,2016,Quapaw,OK
Hoh Tribe,2016,Forks,WA
Lac Courte Oreilles Band of Lake Superior Chippewa Indians of Wisconsin,2016,Hayward,WI
Mescalero Apache Tribe,2016,Mescalero,NM
Red Lake Band of Chippewa Indians,2016,Redlake,MN
Little Traverse Bay Bands of Odawa Indians,2016,Harbor Springs,MI
Fort Peck Assiniboine and Sioux Tribes,2016,Poplar,MT
Karuk Tribe,2016,Happy Camp,CA
Menominee Indian Tribe of Wisconsin,2016,Keshena,WI
Huna Totem Corporation,2016,Juneau,AK
Bear River Band of Rohnerville Rancheria,2016,Loleta,CA
Bear River Band of Rohnerville Rancheria,2016,Loleta,CA
Fort Belknap Indian Community,2016,Harlem,MT
Coyote Valley Band of Pomo Indians,2016,Redwood Valley,CA
Sealaska Corporation,2015,Juneau,AK
Nisqually Indian Tribe,2015,Olympia,WA
Confederated Tribes and Bands of the Yakama Nation,2015,Toppenish,WA
Chilkat Indian Village,2015,Haines,AK
Bay Mills Indian Community,2015,Brimley,MI
Iowa Tribe of Oklahoma,2015,Perkins,OK
Santa Clara Pueblo,2015,Espanola,NM
Pueblo of Jemez,2015,Jemez Pueblo,NM
Spirit Lake Nation,2015,Fort Totten,ND
Bishop Indian Tribal Council,2015,Bishop,CA
Native Village of Afognak,2015,Kodiak,AK
Crow Tribe of Indians,2015,Crow Agency,MT
Keweenaw Bay Indian Community,2015,Baraga,MI
Hoh Tribe,2014,Forks,WA
Federated Indians of Graton Rancheria,2014,Rohnert Park,CA
Oneida Nation,2014,Green Bay,WI
Wyandotte Nation,2014,Wyandotte,OK
Saginaw Chippewa Indian Tribe,2014,Mount Pleasant,MI
Mescalero Apache Tribe,2014,Mescalero,NM
Menominee Indian Tribe of Wisconsin,2014,Keshena,WI
Lac Courte Oreilles Band of Lake Superior Chippewa Indians of Wisconsin,2014,Hayward,WI
Ysleta Del Sur Pueblo,2014,El Paso,TX
Fallon Paiute-Shoshone Tribe,2014,Fallon,NV
Pechanga Band of Luiseño Mission Indians,2014,Temecula,CA
Chippewa Cree Tribe,2014,Box Elder,MT
Chilkoot Indian Association,2014,Haines,AK
Makah Indian Tribe,2014,Neah Bay,WA
Suquamish Indian Tribe of the Port Madison Reservation,2013,Suquamish,WA
Seldovia Village Tribe,2013,Seldovia,AK
Santa Clara Pueblo,2013,Espanola,NM
Chilkat Indian Village,2013,Haines,AK
Stockbridge-Munsee Community,2013,Bowler,WI
Cher-Ae Heights Indian Community of the Trinidad Rancheria,2013,Trinidad,CA
Quapaw Nation,2013,Quapaw,OK
Shoonaq' Tribe of Kodiak,2013,Kodiak,AK
Minnesota Chippewa Tribe/Leech Lake Band,2013,Cass Lake,MN
Iowa Tribe of Oklahoma,2013,Perkins,OK
Makah Indian Tribe,2013,Neah Bay,WA
Bear River Band of Rohnerville Rancheria,2012,Loleta,CA
Keweenaw Bay Indian Community,2012,Baraga,MI
Fort Belknap Indian Community,2012,Harlem,MT
Port Graham Village Council,2012,Port Graham,AK
Chippewa Cree Tribe,2012,Box Elder,MT
Fort Peck Assiniboine and Sioux Tribes,2012,Poplar,MT
Confederated Salish and Kootenai Tribes,2012,Pablo,MT
Organized Village of Kasaan (IRA),2012,Ketchikan,AK
Pueblo of Jemez,2012,Jemez Pueblo,NM
Karuk Tribe,2012,Happy Camp,CA
Pokagon Band of Potawatomi,2012,Dowagiac,MI
Ysleta Del Sur Pueblo,2012,El Paso,TX
Aleut Community of St. Paul Island,2012,Saint Paul Island,AK
Chickasaw Nation,2012,Ada,OK
Quapaw Nation,2011,Quapaw,OK
Chilkat Indian Village,2011,Haines,AK
Santa Clara Pueblo,2011,Espanola,NM
Crow Tribe of Indians,2011,Crow Agency,MT
Jamestown S'Klallam Tribe,2011,Sequim,WA
Lac Courte Oreilles Band of Lake Superior Chippewa Indians of Wisconsin,2011,Hayward,WI
Washoe Tribe of Nevada & California,2011,Gardnerville,NV
Pueble of Acoma,2011,Pueblo of Acoma,NM
Petersburg Indian Association,2011,Petersburg,AK
Saginaw Chippewa Indian Tribe,2011,Mount Pleasant,MI
Squaxin Island Tribe,2011,Shelton,WA
Chilkoot Indian Association,2011,Haines,AK
Sealaska Corporation,2011,Juneau,AK
Nisqually Indian Tribe,2011,Olympia,WA
Shingle Springs Band Of Miwok Indians,2011,Placerville,CA
Bay Mills Indian Community,2010,Brimley,MI
Lummi Nation,2010,Bellingham,WA
Picayune Rancheria of the Chukchansi Indians,2010,Coarsegold,CA
Cherokee Nation,2010,Tahlequah,OK
Minnesota Chippewa Tribe/Leech Lake Band,2010,Cass Lake,MN
Makah Indian Tribe,2010,Neah Bay,WA
Ohkay Owingeh Tribal Council,2010,Ohkay Owingeh,NM
Spirit Lake Nation,2010,Fort Totten,ND
Karuk Tribe,2010,Happy Camp,CA
Igiugig Village,2010,Igiugig,AK
Oneida Nation,2010,Green Bay,WI
Keweenaw Bay Indian Community,2010,Baraga,MI
Iowa Tribe of Oklahoma,2010,Perkins,OK
Hopi Tribe,2010,Kykotsmovi,AZ
Pueblo of Jemez,2010,Jemez Pueblo,NM
Menominee Indian Tribe of Wisconsin,2010,Keshena,WI
Kaw Nation,2010,Kaw City,OK
Santa Clara Pueblo,2009,Espanola,NM
Ute Mountain Ute Tribe,2009,Towaoc,CO
Oglala Sioux Tribe,2009,Pine Ridge,SD
Fort Belknap Indian Community,2009,Harlem,MT
Omaha Tribe,2009,Macy,NE
Ahtna Incorporated,2009,Glennallen,AK
Pueblo of Pojoaque,2009,Santa Fe,NM
Pascua Yaqui Tribe of Arizona,2009,Tucson,AZ
Jamestown S'Klallam Tribe,2009,Sequim,WA
Lac Courte Oreilles Band of Lake Superior Chippewa Indians of Wisconsin,2009,Hayward,WI
Chilkat Indian Village,2009,Haines,AK
Makah Indian Tribe,2009,Neah Bay,WA
Winnebago Tribe of Nebraska,2009,Winnebago,NE
Chippewa Cree Tribe,2009,Box Elder,MT
Chilkoot Indian Association,2009,Haines,AK
Fort Peck Assiniboine and Sioux Tribes,2009,Poplar,MT
Organized Village of Kasaan (IRA),2009,Ketchikan,AK
Keweenaw Bay Indian Community,2008,Baraga,MI
Standing Rock Sioux Tribe,2008,Fort Yates,ND
Sitka Tribe of Alaska (IRA),2008,Sitka,AK
Makah Indian Tribe,2008,Neah Bay,WA
Fort Belknap Indian Community,2008,Harlem,MT
Torres-Martinez Desert Cahuilla Tribe,2008,Thermal,CA
Miami Tribe of Oklahoma,2008,Miami,OK
Tuolumne Band of Me-Wuk Indians,2008,Tuolumne,CA
Yerington Paiute Tribe,2008,Yerington,NV
Ely Shoshone Tribe,2008,Ely,NV
Ysleta Del Sur Pueblo,2008,El Paso,TX
Bear River Band of Rohnerville Rancheria,2008,Loleta,CA
Santa Clara Pueblo,2008,Espanola,NM
Pueblo of Jemez,2008,Jemez Pueblo,NM
Sealaska Corporation,2008,Juneau,AK
Lower Elwha Klallam Tribe,2007,Port Angeles,WA
Pueblo of Pojoaque,2007,Santa Fe,NM
Lac Courte Oreilles Band of Lake Superior Chippewa Indians of Wisconsin,2007,Hayward,WI
Organized Village of Kasaan (IRA),2007,Ketchikan,AK
Chilkat Indian Village,2007,Haines,AK
Spokane Tribe of Indians,2007,Wellpinit,WA
Sealaska Corporation,2007,Juneau,AK
Chilkoot Indian Association,2007,Haines,AK
Chippewa Cree Tribe,2007,Box Elder,MT
White Mountain Apache Tribe,2007,Whiteriver,AZ
Arctic Slope Regional Corporation,2007,Anchorage,AK
Pascua Yaqui Tribe of Arizona,2007,Tucson,AZ
Spirit Lake Nation,2007,Fort Totten,ND
Hopi Tribe,2007,Kykotsmovi,AZ
Sitka Tribe of Alaska (IRA),2006,Sitka,AK
Crow Tribe of Indians,2006,Crow Agency,MT
Winnebago Tribe of Nebraska,2006,Winnebago,NE
Fallon Paiute-Shoshone Tribe,2006,Fallon,NV
Poarch Band of Creek Indians,2006,Atmore,AL
Tohono O'odham Nation,2006,Sells,AZ
Fort Belknap Indian Community,2006,Harlem,MT
Blackfeet Tribe,2006,Browning,MT
Miami Tribe of Oklahoma,2006,Miami,OK
Pueblo of Jemez,2006,Jemez Pueblo,NM
Arctic Slope Regional Corporation,2006,Anchorage,AK
Santa Clara Pueblo,2006,Espanola,NM
Nooksack Indian Tribe,2006,Deming,WA
Confederated Salish and Kootenai Tribes,2006,Pablo,MT
Lummi Nation,2006,Bellingham,WA
Sealaska Corporation,2005,Juneau,AK
Rosebud Sioux Tribe,2005,Rosebud,SD
Native Village of Afognak,2005,Kodiak,AK
Pauma Band of Mission Indians,2005,Pauma Valley,CA
Saginaw Chippewa Indian Tribe,2005,Mount Pleasant,MI
Red Cliff Band of Lake Superior Chippewa,2005,Bayfield,WI
Fort Peck Assiniboine and Sioux Tribes,2005,Poplar,MT
Grand Traverse Band of Ottawa and Chippewa Indians,2005,Peshawbestown,MI
Lac Courte Oreilles Band of Lake Superior Chippewa Indians of Wisconsin,2005,Hayward,WI
Chilkat Indian Village,2005,Haines,AK
Three Affiliated Tribes,2005,New Town,ND
Makah Indian Tribe,2005,Neah Bay,WA
Chilkoot Indian Association,2005,Haines,AK
Arctic Slope Regional Corporation,2004,Anchorage,AK
Fort Belknap Indian Community,2004,Harlem,MT
Red Cliff Band of Lake Superior Chippewa,2004,Bayfield,WI
Muscogee Creek Nation,2004,Okmulgee,OK
Sitka Tribe of Alaska (IRA),2004,Sitka,AK
Hoopa Valley Tribe,2004,Hoopa,CA
Santa Clara Pueblo,2004,Espanola,NM
Pueblo of Jemez,2004,Jemez Pueblo,NM
Ysleta Del Sur Pueblo,2004,El Paso,TX
Cheyenne River Sioux Tribe,2004,Eagle Butte,SD
Confederated Tribes of Warm Springs Reservation of Oregon,2004,Warm Springs,OR
Lummi Nation,2004,Bellingham,WA
Pueblo of Zuni,2004,Zuni,NM
Miami Tribe of Oklahoma,2004,Miami,OK
Tohono O'odham Nation,2003,Sells,AZ
Winnebago Tribe of Nebraska,2003,Winnebago,NE
Ohkay Owingeh Tribal Council,2003,Ohkay Owingeh,NM
Nooksack Indian Tribe,2003,Deming,WA
Confederated Tribes of the Grand Ronde Community of Oregon,2003,Grand Ronde,OR
Sealaska Corporation,2003,Juneau,AK
Torres-Martinez Desert Cahuilla Tribe,2003,Thermal,CA
Keweenaw Bay Indian Community,2003,Baraga,MI
Chilkoot Indian Association,2003,Haines,AK
Ysleta Del Sur Pueblo,2003,El Paso,TX
Pauma Band of Mission Indians,2003,Pauma Valley,CA
Colville Confederated Tribes,2003,Nespelem,WA
Lac Courte Oreilles Band of Lake Superior Chippewa Indians of Wisconsin,2003,Hayward,WI
Confederated Salish and Kootenai Tribes,2002,Pablo,MT
Arctic Slope Regional Corporation,2002,Anchorage,AK
Pueblo of Jemez,2002,Jemez Pueblo,NM
Miami Tribe of Oklahoma,2002,Miami,OK
Santa Clara Pueblo,2002,Espanola,NM
Elk Valley Rancheria,2002,Crescent City,CA
Saginaw Chippewa Indian Tribe,2002,Mount Pleasant,MI
Eastern Band of Cherokee Indians,2002,Cherokee,NC
Iowa Tribe of Oklahoma,2002,Perkins,OK
Oglala Sioux Tribe,2002,Pine Ridge,SD
ALU LIKE,2002,Honolulu,HI
Fort Belknap Indian Community,2002,Harlem,MT
Pala Band of Mission Indians,2002,Pala,CA
Yurok Tribe,2002,Klamath,CA
Igiugig Village,2002,Igiugig,AK
Aleut Community of St. Paul Island,2002,Saint Paul Island,AK
Fort Peck Assiniboine and Sioux Tribes,2002,Poplar,MT
Chilkoot Indian Association,2002,Haines,AK
Chippewa Cree Tribe,2002,Box Elder,MT
Minnesota Chippewa Tribe/Leech Lake Band,2002,Cass Lake,MN
Keweenaw Bay Indian Community,2002,Baraga,MI
Washoe Tribe of Nevada & California,2002,Gardnerville,NV
Sealaska Corporation,2002,Juneau,AK
Rosebud Sioux Tribe,2002,Rosebud,SD
Lac Courte Oreilles Band of Lake Superior Chippewa Indians of Wisconsin,2002,Hayward,WI
Pueblo of Jemez,2001,Jemez Pueblo,NM
Arctic Slope Regional Corporation,2001,Anchorage,AK
Miami Tribe of Oklahoma,2001,Miami,OK
Fort Belknap Indian Community,2001,Harlem,MT
Fort Peck Assiniboine and Sioux Tribes,2001,Poplar,MT
Yurok Tribe,2001,Klamath,CA
Hoopa Valley Tribe,2001,Hoopa,CA
Wiyot Tribe,2001,Loleta,CA
Santa Clara Pueblo,2001,Espanola,NM
Iowa Tribe of Oklahoma,2001,Perkins,OK
Oglala Sioux Tribe,2001,Pine Ridge,SD
ALU LIKE,2000,Honolulu,HI
Three Affiliated Tribes,1999,New Town,ND
Lower Brule Sioux Tribe,1999,Lower Brule,SD
Chickasaw Nation,1999,Ada,OK
Pueblo of Zuni,1999,Zuni,NM
Santa Clara Pueblo,1999,Espanola,NM
Pilot Station Traditional Village,1999,Pilot Station,AK
Nisqually Indian Tribe,1999,Olympia,WA
Northern Cheyenne Tribe,1999,Lame Deer,MT
Crow Tribe of Indians,1999,Crow Agency,MT
Winnebago Tribe of Nebraska,1999,Winnebago,NE
Pilot Station Traditional Village,1999,Pilot Station,AK
Pala Band of Mission Indians,1999,Pala,CA
Oneida Nation,1999,Green Bay,WI
ALU LIKE,1999,Honolulu,HI
Pueblo of Jemez,1999,Jemez Pueblo,NM
Eastern Band of Cherokee Indians,1999,Cherokee,NC
Chippewa Cree Tribe,1999,Box Elder,MT
Arctic Slope Regional Corporation,1999,Anchorage,AK
Sealaska Corporation,1999,Juneau,AK
Nenana Native Association,1999,Nenana,AK
Spirit Lake Nation,1999,Fort Totten,ND
Lac Courte Oreilles Band of Lake Superior Chippewa Indians of Wisconsin,1999,Hayward,WI
Lac Courte Oreilles Band of Lake Superior Chippewa Indians of Wisconsin,1999,Hayward,WI
Lummi Nation,1999,Bellingham,WA
Red Cliff Band of Lake Superior Chippewa,1999,Bayfield,WI
Pala Band of Mission Indians,1999,Pala,CA
